postID,circleID,serviceID,memberID,postDate
1,1,57,63,'2002-07-13 01:01:01'
2,2,23,28,'2005-06-02 02:02:02'
3,3,97,51,'2009-07-04 03:03:03'
4,4,83,46,'2003-02-06 04:04:04'
5,5,37,29,'2008-06-01 05:05:05'
6,6,42,80,'2010-09-11 06:06:06'
7,7,1,28,'2004-11-26 07:07:07'
8,8,18,27,'2001-12-26 08:08:08'
9,9,70,88,'2004-10-18 09:09:09'
10,10,68,5,'2012-09-30 10:10:10'
11,11,39,29,'2003-09-23 11:11:11'
12,12,74,43,'2003-07-29 12:12:12'
13,13,62,30,'2004-07-31 13:13:13'
14,14,95,19,'2007-06-30 14:14:14'
15,15,20,15,'2007-08-14 15:15:15'
16,16,85,89,'2014-10-25 16:16:16'
17,17,89,70,'2014-05-12 17:17:17'
18,18,36,92,'2009-10-15 19:19:19'
19,19,55,36,'2010-10-08 20:20:20'
20,20,27,45,'2003-03-21 21:21:21'
21,21,24,15,'2011-06-11 22:22:22'
22,22,22,93,'2003-04-15 01:02:02'
23,23,40,53,'2013-09-20 01:03:03'
24,24,64,74,'2009-06-24 02:01:01'
25,25,39,25,'2014-10-01 12:42:40'
26,26,20,54,'2014-01-01 01:12:42'
27,27,99,58,'2004-09-30 02:24:02'
28,28,52,82,'2013-03-08 05:02:21'
29,29,48,51,'2012-05-09 12:22:23'
30,30,15,82,'2012-02-16 01:21:44'
31,31,61,85,'2007-12-12 22:21:44'
32,32,90,87,'2012-11-03 11:21:44'
33,33,76,28,'2014-09-26 21:21:44'
34,34,69,51,'2013-03-31 19:21:44'
35,35,52,77,'2010-12-24 12:21:44'
36,36,80,53,'2007-06-21 13:21:44'
37,37,9,81,'2001-05-04 14:21:44'
38,38,11,7,'2014-01-25 15:21:44'
39,39,15,42,'2006-11-07 16:21:44'
40,40,34,13,'2005-11-28 17:21:44'
41,41,83,10,'2007-03-23 18:21:44'
42,42,70,33,'2007-11-26 12:21:44'
43,43,40,57,'2010-03-01 13:21:44'
44,44,3,56,'2013-12-27 14:21:44'
45,45,37,41,'2002-12-05 15:21:44'
46,46,28,17,'2002-04-19 14:21:44'
47,47,89,40,'2001-12-28 15:21:44'
48,48,85,87,'2010-05-16 16:21:44'
49,49,100,55,'2006-09-18 12:21:44'
50,50,48,28,'2003-04-26 13:21:44'
