circleID,'creationDate'
1,'2010-01-11 6:25:01'
2,'2008-03-24 19:54:02'
3,'2006-08-17 17:59:03'
4,'2009-11-30 0:37:04'
5,'2012-05-06 18:38:05'
6,'2013-04-11 14:46:06'
7,'2011-12-05 23:21:07'
8,'2007-12-28 11:53:08'
9,'2010-03-21 0:22:09'
10,'2008-01-29 12:21:10'
11,'2013-02-19 6:48:11'
12,'2003-09-24 3:27:12'
13,'2011-05-18 22:08:13'
14,'2002-02-24 0:44:14'
15,'2001-09-05 0:28:15'
16,'2011-03-15 23:42:16'
17,'2010-10-22 7:12:17'
18,'2006-02-14 6:32:18'
19,'2010-05-31 10:00:19'
20,'2014-02-22 13:12:20'
21,'2009-03-05 9:51:21'
22,'2007-02-25 17:16:22'
23,'2010-04-25 15:58:23'
24,'2007-05-06 9:25:24'
25,'2001-10-30 9:09:25'
26,'2003-04-02 20:49:26'
27,'2011-10-17 7:01:27'
28,'2000-07-09 21:20:28'
29,'2003-04-20 10:43:29'
30,'2008-01-22 20:33:30'
31,'2007-01-23 19:13:31'
32,'2002-06-08 18:34:32'
33,'2007-06-08 7:02:33'
34,'2008-02-28 11:23:34'
35,'2002-05-09 19:31:35'
36,'2008-11-25 23:47:36'
37,'2012-12-16 11:29:37'
38,'2001-01-03 12:25:38'
39,'2014-03-22 7:14:39'
40,'2007-12-11 9:44:40'
41,'2013-02-28 3:33:41'
42,'2006-06-05 7:11:42'
43,'2011-12-28 16:11:43'
44,'2007-03-25 20:58:44'
45,'2008-09-17 15:47:45'
46,'2007-03-02 15:14:46'
47,'2000-10-10 3:18:47'
48,'2012-05-25 7:01:48'
49,'2003-09-01 17:48:49'
50,'2009-12-13 19:01:50'
51,'2004-12-18 23:20:51'
52,'2001-05-17 19:47:52'
53,'2011-05-27 4:26:53'
54,'2013-05-02 0:43:54'
55,'2005-05-27 9:25:55'
56,'2014-05-29 12:05:59'
57,'2013-01-27 10:22:01'
58,'2000-09-11 3:13:02'
59,'2014-01-19 5:28:32'
60,'2012-02-04 17:36:21'
61,'2008-11-12 10:42:12'
62,'2006-03-30 12:56:23'
63,'2007-06-07 9:19:54'
64,'2008-03-18 12:27:15'
65,'2011-12-06 13:03:19'
66,'2007-02-28 0:20:10'
67,'2002-02-04 20:27:11'
68,'2005-09-26 9:43:22'
69,'2011-05-30 20:39:33'
70,'2010-04-24 18:03:44'
71,'2009-04-23 5:26:55'
72,'2000-12-02 20:13:64'
73,'2011-10-23 16:17:21'
74,'2009-09-16 16:20:23'
75,'2003-09-14 10:16:34'
76,'2002-05-17 22:55:54'
77,'2008-08-24 9:55:11'
78,'2005-06-22 1:54:22'
79,'2010-12-24 19:21:44'
80,'2009-05-27 10:00:22'
81,'2000-06-28 18:49:44'
82,'2009-05-04 13:27:11'
83,'2001-07-08 4:14:12'
84,'2003-01-05 20:10:12'
85,'2015-03-05 20:05:21'
86,'2006-06-11 4:42:54'
87,'2003-11-04 9:39:32'
88,'2005-01-05 14:16:32'
89,'2005-05-16 6:13:23'
90,'2003-12-09 0:19:23'
91,'2015-02-01 9:07:23'
92,'2008-05-17 1:52:11'
93,'2006-05-13 10:40:21'
94,'2003-03-21 0:02:23'
95,'2006-11-13 19:39:34'
96,'2012-08-08 0:24:31'
97,'2002-11-13 15:09:21'
98,'2003-03-12 23:38:34'
99,'2013-03-09 18:16:34'
100,'2014-02-21 4:54:11'
101,'2009-04-01 18:31:11'
102,'2001-01-07 3:45:11'
103,'2004-04-05 21:24:11'
104,'2004-10-16 0:03:11'
105,'2007-10-05 23:11:11'
106,'2003-09-05 22:38:11'
107,'2011-09-28 7:37:11'
108,'2013-10-26 7:02:11'
109,'2015-01-19 1:34:11'
110,'2007-01-23 8:37:11'
111,'2014-08-21 3:10:12'
112,'2000-11-28 20:27:12'
113,'2012-08-13 15:17:12'
114,'2001-06-04 01:57:12'
115,'2011-09-05 8:10:12'
116,'2000-10-23 8:35:12'
117,'2009-10-10 22:49:13'
118,'2007-06-04 9:05:13'
119,'2014-04-11 9:36:13'
120,'2003-08-16 21:32:14'
121,'2011-11-07 8:05:15'
122,'2009-10-11 13:27:16'
123,'2001-07-18 16:26:17'
124,'2009-05-18 8:48:21'
125,'2001-03-11 4:57:21'
126,'2009-09-25 3:37:21'
127,'2007-09-22 7:51:21'
128,'2001-08-24 11:31:22'
129,'2004-10-26 18:40:22'
130,'2014-08-18 8:10:23'
131,'2008-07-28 4:02:23'
132,'2003-08-01 21:49:23'
133,'2010-10-05 1:32:23'
134,'2014-02-07 14:53:23'
135,'2014-11-07 4:31:24'
136,'2004-07-24 3:20:24'
137,'2014-07-20 7:06:24'
138,'2005-01-02 8:44:25'
139,'2010-01-22 21:22:25'
140,'2012-05-17 20:38:25'
141,'2011-04-16 23:06:25'
142,'2009-05-22 6:06:21'
143,'2011-12-21 0:41:21'
144,'2012-02-10 1:55:21'
145,'2000-05-05 5:43:23'
146,'2010-04-11 15:42:23'
147,'2011-07-16 10:12:23'
148,'2009-01-05 18:52:23'
149,'2000-04-26 8:48:21'
150,'2012-10-29 16:08:21'
